channel,dominant_frequency_hz,alpha_theta_ratio,beta_alpha_ratio,total_power_0p5_45,delta_power,theta_power,alpha_power,beta_power,gamma_power,delta_relative_power,theta_relative_power,alpha_relative_power,beta_relative_power,gamma_relative_power
ch1,1.500278349860951,0.12081089369420452,1.3430237162761003,2.1252156206689775e-09,1.5157906172508781e-09,3.863239054834756e-10,4.667213627689408e-11,6.268178590913888e-11,3.74677375780262e-11,0.7132408601315174,0.18178103987484723,0.02196112988394212,0.029494318270354068,0.017630087607878615
ch2,1.500278349860951,0.1380694224246768,1.4965904608289213,2.1689835526816567e-09,1.5322803494844443e-09,3.809194904591319e-10,5.259333403799452e-11,7.871068202445161e-11,4.7408199613732105e-11,0.7064508846044432,0.17562119822816366,0.024247917404892228,0.03628920188312928,0.02185733476637858
ch3,2.000371133147935,0.1278743025806007,1.254059520645895,1.912495811860373e-09,1.3521142105650147e-09,3.536224881339472e-10,4.521922904694525e-11,5.6707604702589095e-11,3.4950718874722e-11,0.7069893707373669,0.18490105230084783,0.02364409310939009,0.029651100070868647,0.018274925705967334
ch4,1.500278349860951,0.11460701248305633,1.2956312400937189,2.1564456481030637e-09,1.5599059036870188e-09,3.828842211149803e-10,4.388121670888984e-11,5.6853875221360166e-11,3.628402377716419e-11,0.7233689868600229,0.1775533834816508,0.02034886283709044,0.02636462239211648,0.016825846646810576
