channel,dominant_frequency_hz,alpha_theta_ratio,beta_alpha_ratio,total_power_0p5_45,delta_power,theta_power,alpha_power,beta_power,gamma_power,delta_relative_power,theta_relative_power,alpha_relative_power,beta_relative_power,gamma_relative_power
ch1,1.7499080704181122,0.08113323926439701,1.4710765798138312,3.4500010911004658e-09,2.7418027205858717e-09,4.928255483962997e-10,3.998453313364466e-11,5.88203102476948e-11,2.409305489068618e-11,0.7947251749161922,0.14284793986517275,0.011589716083507258,0.01704935989713921,0.006983491962607202
ch2,1.499921203215525,0.09112177745228842,1.5755463825057925,3.419483555371148e-09,2.72701591385534e-09,4.663158529510556e-10,4.2491529375080135e-11,6.694737539404612e-11,2.6384615739443215e-11,0.7974935014885169,0.1363702574965131,0.012426300254708532,0.019578212414236837,0.007715965090108307
ch3,1.7499080704181122,0.08492455260967476,0.6974530316471678,7.867448720058095e-09,6.11915247286727e-09,1.3158637184278097e-09,1.1174913758278478e-10,7.79397747910697e-11,2.3067618958435518e-11,0.7777810432073695,0.1672541843295412,0.014203986776282361,0.009906613638594415,0.0029320329600146643
ch4,1.7499080704181122,0.08881949312081193,1.4488736687128254,3.0214921350463943e-09,2.3967128535531677e-09,4.3190953912275095e-10,3.836198633892623e-11,5.558167188599134e-11,2.248785159345717e-11,0.7932216092021589,0.142945776397369,0.012696371403375237,0.018395438214548882,0.007442631186300234
